Concept,,,2021-12-31,2021-12-31 - Accumulated other comprehensive income [member],2021-12-31 - At cost [member],"2021-12-31 - At cost [member], Investment property completed [member]",2021-12-31 - Brand names [member],"2021-12-31 - Brand names [member], Internally generated [member]",2021-12-31 - Buildings [member],2021-12-31 - Business combinations [member],"2021-12-31 - Business combinations [member], Gross carrying amount [member]",2021-12-31 - Computer equipment [member],2021-12-31 - Computer software [member],"2021-12-31 - Computer software [member], Internally generated [member]","2021-12-31 - Copyrights, patents and other industrial property rights, service and operating rights [member]","2021-12-31 - Copyrights, patents and other industrial property rights, service and operating rights [member], Internally generated [member]",2021-12-31 - Equity attributable to owners of parent [member],2021-12-31 - Fixtures and fittings [member],2021-12-31 - Gross carrying amount [member],"2021-12-31 - Gross carrying amount [member], At cost [member]","2021-12-31 - Gross carrying amount [member], At cost [member], Investment property completed [member]","2021-12-31 - Gross carrying amount [member], Brand names [member]","2021-12-31 - Gross carrying amount [member], Brand names [member], Internally generated [member]","2021-12-31 - Gross carrying amount [member], Buildings [member]","2021-12-31 - Gross carrying amount [member], Computer equipment [member]","2021-12-31 - Gross carrying amount [member], Computer software [member]","2021-12-31 - Gross carrying amount [member], Computer software [member], Internally generated [member]","2021-12-31 - Gross carrying amount [member], Copyrights, patents and other industrial property rights, service and operating rights [member]","2021-12-31 - Gross carrying amount [member], Copyrights, patents and other industrial property rights, service and operating rights [member], Internally generated [member]","2021-12-31 - Gross carrying amount [member], Fixtures and fittings [member]","2021-12-31 - Gross carrying amount [member], Internally generated [member]","2021-12-31 - Gross carrying amount [member], Investment property completed [member]","2021-12-31 - Gross carrying amount [member], Land [member]","2021-12-31 - Gross carrying amount [member], Land and buildings [member]","2021-12-31 - Gross carrying amount [member], Machinery [member]","2021-12-31 - Gross carrying amount [member], Motor vehicles [member]","2021-12-31 - Gross carrying amount [member], Other intangible assets [member]","2021-12-31 - Gross carrying amount [member], Other intangible assets [member], Internally generated [member]","2021-12-31 - Gross carrying amount [member], Other property, plant and equipment [member]","2021-12-31 - Gross carrying amount [member], Service concession rights [member]","2021-12-31 - Gross carrying amount [member], Service concession rights [member], Internally generated [member]","2021-12-31 - Gross carrying amount [member], Vehicles [member]",2021-12-31 - Internally generated [member],2021-12-31 - Investment property completed [member],2021-12-31 - Issued capital [member],2021-12-31 - Land [member],2021-12-31 - Land and buildings [member],2021-12-31 - Machinery [member],2021-12-31 - Miscellaneous other provisions [member],2021-12-31 - Motor vehicles [member],2021-12-31 - Non-controlling interests [member],2021-12-31 - Ordinary shares [member],2021-12-31 - Other intangible assets [member],"2021-12-31 - Other intangible assets [member], Internally generated [member]","2021-12-31 - Other property, plant and equipment [member]",2021-12-31 - Other reserves [member],2021-12-31 - Other various reserves [member],2021-12-31 - Profit (loss) accumulated [member],2021-12-31 - Reserve of cash flow hedges [member],2021-12-31 - Reserve of exchange differences on translation [member],2021-12-31 - Service concession rights [member],"2021-12-31 - Service concession rights [member], Internally generated [member]",2021-12-31 - Share premium [member],2021-12-31 - Vehicles [member],2021-12-31 - tx:Plusvalia_1,"2021-12-31 - tx:Plusvalia_1, Gross carrying amount [member]",2022-12-31,2022-12-31 - Accumulated other comprehensive income [member],2022-12-31 - Assets before provisions [member],2022-12-31 - Associates [member],2022-12-31 - At cost [member],"2022-12-31 - At cost [member], Investment property completed [member]",2022-12-31 - Brand names [member],"2022-12-31 - Brand names [member], Internally generated [member]",2022-12-31 - Buildings [member],2022-12-31 - Business combinations [member],"2022-12-31 - Business combinations [member], Gross carrying amount [member]",2022-12-31 - Computer equipment [member],2022-12-31 - Computer software [member],"2022-12-31 - Computer software [member], Internally generated [member]",2022-12-31 - Construction in progress [member],"2022-12-31 - Copyrights, patents and other industrial property rights, service and operating rights [member]","2022-12-31 - Copyrights, patents and other industrial property rights, service and operating rights [member], Internally generated [member]",2022-12-31 - Country of domicile [member],2022-12-31 - Discontinued operations [member],2022-12-31 - Elimination of intersegment amounts [member],2022-12-31 - Entity's total for subsidiaries [member],2022-12-31 - Equity attributable to owners of parent [member],2022-12-31 - Fixtures and fittings [member],2022-12-31 - Foreign countries [member],2022-12-31 - Goods [member],2022-12-31 - Gross carrying amount [member],"2022-12-31 - Gross carrying amount [member], At cost [member]","2022-12-31 - Gross carrying amount [member], At cost [member], Investment property completed [member]","2022-12-31 - Gross carrying amount [member], Brand names [member]","2022-12-31 - Gross carrying amount [member], Brand names [member], Internally generated [member]","2022-12-31 - Gross carrying amount [member], Buildings [member]","2022-12-31 - Gross carrying amount [member], Computer equipment [member]","2022-12-31 - Gross carrying amount [member], Computer software [member]","2022-12-31 - Gross carrying amount [member], Computer software [member], Internally generated [member]","2022-12-31 - Gross carrying amount [member], Construction in progress [member]","2022-12-31 - Gross carrying amount [member], Copyrights, patents and other industrial property rights, service and operating rights [member]","2022-12-31 - Gross carrying amount [member], Copyrights, patents and other industrial property rights, service and operating rights [member], Internally generated [member]","2022-12-31 - Gross carrying amount [member], Fixtures and fittings [member]","2022-12-31 - Gross carrying amount [member], Internally generated [member]","2022-12-31 - Gross carrying amount [member], Investment property completed [member]","2022-12-31 - Gross carrying amount [member], Land [member]","2022-12-31 - Gross carrying amount [member], Land and buildings [member]","2022-12-31 - Gross carrying amount [member], Machinery [member]","2022-12-31 - Gross carrying amount [member], Motor vehicles [member]","2022-12-31 - Gross carrying amount [member], Other intangible assets [member]","2022-12-31 - Gross carrying amount [member], Other intangible assets [member], Internally generated [member]","2022-12-31 - Gross carrying amount [member], Other property, plant and equipment [member]","2022-12-31 - Gross carrying amount [member], Service concession rights [member]","2022-12-31 - Gross carrying amount [member], Service concession rights [member], Internally generated [member]","2022-12-31 - Gross carrying amount [member], Vehicles [member]",2022-12-31 - Internally generated [member],2022-12-31 - Investment property completed [member],2022-12-31 - Issued capital [member],2022-12-31 - Joint ventures where entity is venturer [member],2022-12-31 - Land [member],2022-12-31 - Land and buildings [member],2022-12-31 - Machinery [member],2022-12-31 - Material reconciling items [member],2022-12-31 - Miscellaneous other provisions [member],2022-12-31 - Motor vehicles [member],2022-12-31 - Non securitized portfolio [member],"2022-12-31 - Non securitized portfolio [member], Up to date [member]",2022-12-31 - Non-controlling interests [member],2022-12-31 - Operating segments [member],2022-12-31 - Ordinary shares [member],2022-12-31 - Other intangible assets [member],"2022-12-31 - Other intangible assets [member], Internally generated [member]","2022-12-31 - Other property, plant and equipment [member]",2022-12-31 - Other reserves [member],2022-12-31 - Other various reserves [member],2022-12-31 - Others [member],2022-12-31 - Preference shares [member],2022-12-31 - Profit (loss) accumulated [member],2022-12-31 - Provisions trade and other receivables [member],2022-12-31 - Related parties [member],2022-12-31 - Reportable segments [member],2022-12-31 - Reserve of cash flow hedges [member],2022-12-31 - Reserve of exchange differences on translation [member],"2022-12-31 - Selling, general and administrative expense [member]",2022-12-31 - Service concession rights [member],"2022-12-31 - Service concession rights [member], Internally generated [member]",2022-12-31 - Services [member],2022-12-31 - Share premium [member],2022-12-31 - Subsidiaries [member],2022-12-31 - Up to date [member],2022-12-31 - Vehicles [member],2022-12-31 - tx:AsociadaOP_1,2022-12-31 - tx:AsociadaOP_10,2022-12-31 - tx:AsociadaOP_11,2022-12-31 - tx:AsociadaOP_12,2022-12-31 - tx:AsociadaOP_13,2022-12-31 - tx:AsociadaOP_14,2022-12-31 - tx:AsociadaOP_15,2022-12-31 - tx:AsociadaOP_16,2022-12-31 - tx:AsociadaOP_17,2022-12-31 - tx:AsociadaOP_18,2022-12-31 - tx:AsociadaOP_19,2022-12-31 - tx:AsociadaOP_2,2022-12-31 - tx:AsociadaOP_20,2022-12-31 - tx:AsociadaOP_21,2022-12-31 - tx:AsociadaOP_3,2022-12-31 - tx:AsociadaOP_4,2022-12-31 - tx:AsociadaOP_5,2022-12-31 - tx:AsociadaOP_6,2022-12-31 - tx:AsociadaOP_7,2022-12-31 - tx:AsociadaOP_8,2022-12-31 - tx:AsociadaOP_9,2022-12-31 - tx:Cliente_1,2022-12-31 - tx:DividendoActual_1,2022-12-31 - tx:DividendoActual_2,2022-12-31 - tx:DividendoActual_3,2022-12-31 - tx:DividendoActual_4,2022-12-31 - tx:Leasing_1,2022-12-31 - tx:Leasing_10,2022-12-31 - tx:Leasing_11,2022-12-31 - tx:Leasing_12,2022-12-31 - tx:Leasing_13,2022-12-31 - tx:Leasing_14,2022-12-31 - tx:Leasing_15,2022-12-31 - tx:Leasing_16,2022-12-31 - tx:Leasing_17,2022-12-31 - tx:Leasing_18,2022-12-31 - tx:Leasing_19,2022-12-31 - tx:Leasing_2,2022-12-31 - tx:Leasing_20,2022-12-31 - tx:Leasing_21,2022-12-31 - tx:Leasing_22,2022-12-31 - tx:Leasing_23,2022-12-31 - tx:Leasing_24,2022-12-31 - tx:Leasing_25,2022-12-31 - tx:Leasing_26,2022-12-31 - tx:Leasing_27,2022-12-31 - tx:Leasing_28,2022-12-31 - tx:Leasing_29,2022-12-31 - tx:Leasing_3,2022-12-31 - tx:Leasing_30,2022-12-31 - tx:Leasing_31,2022-12-31 - tx:Leasing_32,2022-12-31 - tx:Leasing_33,2022-12-31 - tx:Leasing_34,2022-12-31 - tx:Leasing_35,2022-12-31 - tx:Leasing_36,2022-12-31 - tx:Leasing_37,2022-12-31 - tx:Leasing_38,2022-12-31 - tx:Leasing_39,2022-12-31 - tx:Leasing_4,2022-12-31 - tx:Leasing_40,2022-12-31 - tx:Leasing_41,2022-12-31 - tx:Leasing_42,2022-12-31 - tx:Leasing_43,2022-12-31 - tx:Leasing_44,2022-12-31 - tx:Leasing_45,2022-12-31 - tx:Leasing_46,2022-12-31 - tx:Leasing_47,2022-12-31 - tx:Leasing_48,2022-12-31 - tx:Leasing_49,2022-12-31 - tx:Leasing_5,2022-12-31 - tx:Leasing_50,2022-12-31 - tx:Leasing_51,2022-12-31 - tx:Leasing_52,2022-12-31 - tx:Leasing_53,2022-12-31 - tx:Leasing_54,2022-12-31 - tx:Leasing_55,2022-12-31 - tx:Leasing_56,2022-12-31 - tx:Leasing_57,2022-12-31 - tx:Leasing_6,2022-12-31 - tx:Leasing_7,2022-12-31 - tx:Leasing_8,2022-12-31 - tx:Leasing_9,2022-12-31 - tx:NegociosOP_1,2022-12-31 - tx:NegociosOP_2,2022-12-31 - tx:NegociosOP_3,2022-12-31 - tx:NegociosOP_4,2022-12-31 - tx:PaisExtranjero_1,2022-12-31 - tx:Plusvalia_1,"2022-12-31 - tx:Plusvalia_1, Gross carrying amount [member]",2022-12-31 - tx:Prestamo_1,2022-12-31 - tx:Prestamo_10,2022-12-31 - tx:Prestamo_100,2022-12-31 - tx:Prestamo_101,2022-12-31 - tx:Prestamo_102,2022-12-31 - tx:Prestamo_103,2022-12-31 - tx:Prestamo_104,2022-12-31 - tx:Prestamo_105,2022-12-31 - tx:Prestamo_106,2022-12-31 - tx:Prestamo_107,2022-12-31 - tx:Prestamo_108,2022-12-31 - tx:Prestamo_109,2022-12-31 - tx:Prestamo_11,2022-12-31 - tx:Prestamo_110,2022-12-31 - tx:Prestamo_111,2022-12-31 - tx:Prestamo_112,2022-12-31 - tx:Prestamo_113,2022-12-31 - tx:Prestamo_114,2022-12-31 - tx:Prestamo_115,2022-12-31 - tx:Prestamo_116,2022-12-31 - tx:Prestamo_117,2022-12-31 - tx:Prestamo_118,2022-12-31 - tx:Prestamo_119,2022-12-31 - tx:Prestamo_12,2022-12-31 - tx:Prestamo_120,2022-12-31 - tx:Prestamo_121,2022-12-31 - tx:Prestamo_122,2022-12-31 - tx:Prestamo_123,2022-12-31 - tx:Prestamo_124,2022-12-31 - tx:Prestamo_125,2022-12-31 - tx:Prestamo_126,2022-12-31 - tx:Prestamo_127,2022-12-31 - tx:Prestamo_128,2022-12-31 - tx:Prestamo_129,2022-12-31 - tx:Prestamo_13,2022-12-31 - tx:Prestamo_130,2022-12-31 - tx:Prestamo_131,2022-12-31 - tx:Prestamo_132,2022-12-31 - tx:Prestamo_133,2022-12-31 - tx:Prestamo_134,2022-12-31 - tx:Prestamo_135,2022-12-31 - tx:Prestamo_136,2022-12-31 - tx:Prestamo_137,2022-12-31 - tx:Prestamo_138,2022-12-31 - tx:Prestamo_139,2022-12-31 - tx:Prestamo_14,2022-12-31 - tx:Prestamo_140,2022-12-31 - tx:Prestamo_141,2022-12-31 - tx:Prestamo_142,2022-12-31 - tx:Prestamo_143,2022-12-31 - tx:Prestamo_144,2022-12-31 - tx:Prestamo_145,2022-12-31 - tx:Prestamo_146,2022-12-31 - tx:Prestamo_147,2022-12-31 - tx:Prestamo_148,2022-12-31 - tx:Prestamo_149,2022-12-31 - tx:Prestamo_15,2022-12-31 - tx:Prestamo_150,2022-12-31 - tx:Prestamo_151,2022-12-31 - tx:Prestamo_152,2022-12-31 - tx:Prestamo_153,2022-12-31 - tx:Prestamo_154,2022-12-31 - tx:Prestamo_155,2022-12-31 - tx:Prestamo_16,2022-12-31 - tx:Prestamo_17,2022-12-31 - tx:Prestamo_18,2022-12-31 - tx:Prestamo_19,2022-12-31 - tx:Prestamo_2,2022-12-31 - tx:Prestamo_20,2022-12-31 - tx:Prestamo_21,2022-12-31 - tx:Prestamo_22,2022-12-31 - tx:Prestamo_23,2022-12-31 - tx:Prestamo_24,2022-12-31 - tx:Prestamo_25,2022-12-31 - tx:Prestamo_26,2022-12-31 - tx:Prestamo_27,2022-12-31 - tx:Prestamo_28,2022-12-31 - tx:Prestamo_29,2022-12-31 - tx:Prestamo_3,2022-12-31 - tx:Prestamo_30,2022-12-31 - tx:Prestamo_31,2022-12-31 - tx:Prestamo_32,2022-12-31 - tx:Prestamo_33,2022-12-31 - tx:Prestamo_34,2022-12-31 - tx:Prestamo_35,2022-12-31 - tx:Prestamo_36,2022-12-31 - tx:Prestamo_37,2022-12-31 - tx:Prestamo_38,2022-12-31 - tx:Prestamo_39,2022-12-31 - tx:Prestamo_4,2022-12-31 - tx:Prestamo_40,2022-12-31 - tx:Prestamo_41,2022-12-31 - tx:Prestamo_42,2022-12-31 - tx:Prestamo_43,2022-12-31 - tx:Prestamo_44,2022-12-31 - tx:Prestamo_45,2022-12-31 - tx:Prestamo_46,2022-12-31 - tx:Prestamo_47,2022-12-31 - tx:Prestamo_48,2022-12-31 - tx:Prestamo_49,2022-12-31 - tx:Prestamo_5,2022-12-31 - tx:Prestamo_50,2022-12-31 - tx:Prestamo_51,2022-12-31 - tx:Prestamo_52,2022-12-31 - tx:Prestamo_53,2022-12-31 - tx:Prestamo_54,2022-12-31 - tx:Prestamo_55,2022-12-31 - tx:Prestamo_56,2022-12-31 - tx:Prestamo_57,2022-12-31 - tx:Prestamo_58,2022-12-31 - tx:Prestamo_59,2022-12-31 - tx:Prestamo_6,2022-12-31 - tx:Prestamo_60,2022-12-31 - tx:Prestamo_61,2022-12-31 - tx:Prestamo_62,2022-12-31 - tx:Prestamo_63,2022-12-31 - tx:Prestamo_64,2022-12-31 - tx:Prestamo_65,2022-12-31 - tx:Prestamo_66,2022-12-31 - tx:Prestamo_67,2022-12-31 - tx:Prestamo_68,2022-12-31 - tx:Prestamo_69,2022-12-31 - tx:Prestamo_7,2022-12-31 - tx:Prestamo_70,2022-12-31 - tx:Prestamo_71,2022-12-31 - tx:Prestamo_72,2022-12-31 - tx:Prestamo_73,2022-12-31 - tx:Prestamo_74,2022-12-31 - tx:Prestamo_75,2022-12-31 - tx:Prestamo_76,2022-12-31 - tx:Prestamo_77,2022-12-31 - tx:Prestamo_78,2022-12-31 - tx:Prestamo_79,2022-12-31 - tx:Prestamo_8,2022-12-31 - tx:Prestamo_80,2022-12-31 - tx:Prestamo_81,2022-12-31 - tx:Prestamo_82,2022-12-31 - tx:Prestamo_83,2022-12-31 - tx:Prestamo_84,2022-12-31 - tx:Prestamo_85,2022-12-31 - tx:Prestamo_86,2022-12-31 - tx:Prestamo_87,2022-12-31 - tx:Prestamo_88,2022-12-31 - tx:Prestamo_89,2022-12-31 - tx:Prestamo_9,2022-12-31 - tx:Prestamo_90,2022-12-31 - tx:Prestamo_91,2022-12-31 - tx:Prestamo_92,2022-12-31 - tx:Prestamo_93,2022-12-31 - tx:Prestamo_94,2022-12-31 - tx:Prestamo_95,2022-12-31 - tx:Prestamo_96,2022-12-31 - tx:Prestamo_97,2022-12-31 - tx:Prestamo_98,2022-12-31 - tx:Prestamo_99,2022-12-31 - tx:Producto_1,2022-12-31 - tx:Producto_2,2022-12-31 - tx:Producto_3,2022-12-31 - tx:Producto_4,2022-12-31 - tx:Publico_1,2022-12-31 - tx:Publico_2,2022-12-31 - tx:Segmento_1,2022-12-31 - tx:Segmento_2,2022-12-31 - tx:Segmento_3,2022-12-31 - tx:Segmento_4,2022-12-31 - tx:SubsidiariaOP_1,2022-12-31 - tx:SubsidiariaOP_10,2022-12-31 - tx:SubsidiariaOP_11,2022-12-31 - tx:SubsidiariaOP_12,2022-12-31 - tx:SubsidiariaOP_13,2022-12-31 - tx:SubsidiariaOP_14,2022-12-31 - tx:SubsidiariaOP_15,2022-12-31 - tx:SubsidiariaOP_16,2022-12-31 - tx:SubsidiariaOP_17,2022-12-31 - tx:SubsidiariaOP_18,2022-12-31 - tx:SubsidiariaOP_19,2022-12-31 - tx:SubsidiariaOP_2,2022-12-31 - tx:SubsidiariaOP_20,2022-12-31 - tx:SubsidiariaOP_21,2022-12-31 - tx:SubsidiariaOP_22,2022-12-31 - tx:SubsidiariaOP_3,2022-12-31 - tx:SubsidiariaOP_4,2022-12-31 - tx:SubsidiariaOP_5,2022-12-31 - tx:SubsidiariaOP_6,2022-12-31 - tx:SubsidiariaOP_7,2022-12-31 - tx:SubsidiariaOP_8,2022-12-31 - tx:SubsidiariaOP_9,2022-12-31 - tx:SubsidiariaP_1,2022-12-31 - tx:SubsidiariaP_10,2022-12-31 - tx:SubsidiariaP_11,2022-12-31 - tx:SubsidiariaP_12,2022-12-31 - tx:SubsidiariaP_13,2022-12-31 - tx:SubsidiariaP_14,2022-12-31 - tx:SubsidiariaP_15,2022-12-31 - tx:SubsidiariaP_16,2022-12-31 - tx:SubsidiariaP_17,2022-12-31 - tx:SubsidiariaP_18,2022-12-31 - tx:SubsidiariaP_19,2022-12-31 - tx:SubsidiariaP_2,2022-12-31 - tx:SubsidiariaP_20,2022-12-31 - tx:SubsidiariaP_21,2022-12-31 - tx:SubsidiariaP_3,2022-12-31 - tx:SubsidiariaP_4,2022-12-31 - tx:SubsidiariaP_5,2022-12-31 - tx:SubsidiariaP_6,2022-12-31 - tx:SubsidiariaP_7,2022-12-31 - tx:SubsidiariaP_8,2022-12-31 - tx:SubsidiariaP_9,2023-12-31,2023-12-31 - Accumulated other comprehensive income [member],2023-12-31 - Assets before provisions [member],2023-12-31 - Associates [member],2023-12-31 - At cost [member],"2023-12-31 - At cost [member], Investment property completed [member]",2023-12-31 - Brand names [member],"2023-12-31 - Brand names [member], Internally generated [member]",2023-12-31 - Buildings [member],2023-12-31 - Business combinations [member],"2023-12-31 - Business combinations [member], Gross carrying amount [member]",2023-12-31 - Computer equipment [member],2023-12-31 - Computer software [member],"2023-12-31 - Computer software [member], Internally generated [member]",2023-12-31 - Construction in progress [member],"2023-12-31 - Copyrights, patents and other industrial property rights, service and operating rights [member]","2023-12-31 - Copyrights, patents and other industrial property rights, service and operating rights [member], Internally generated [member]",2023-12-31 - Country of domicile [member],2023-12-31 - Discontinued operations [member],2023-12-31 - Elimination of intersegment amounts [member],2023-12-31 - Entity's total for subsidiaries [member],2023-12-31 - Equity attributable to owners of parent [member],2023-12-31 - Fixtures and fittings [member],2023-12-31 - Foreign countries [member],2023-12-31 - Goods [member],2023-12-31 - Gross carrying amount [member],"2023-12-31 - Gross carrying amount [member], At cost [member]","2023-12-31 - Gross carrying amount [member], At cost [member], Investment property completed [member]","2023-12-31 - Gross carrying amount [member], Brand names [member]","2023-12-31 - Gross carrying amount [member], Brand names [member], Internally generated [member]","2023-12-31 - Gross carrying amount [member], Buildings [member]","2023-12-31 - Gross carrying amount [member], Computer equipment [member]","2023-12-31 - Gross carrying amount [member], Computer software [member]","2023-12-31 - Gross carrying amount [member], Computer software [member], Internally generated [member]","2023-12-31 - Gross carrying amount [member], Construction in progress [member]","2023-12-31 - Gross carrying amount [member], Copyrights, patents and other industrial property rights, service and operating rights [member]","2023-12-31 - Gross carrying amount [member], Copyrights, patents and other industrial property rights, service and operating rights [member], Internally generated [member]","2023-12-31 - Gross carrying amount [member], Fixtures and fittings [member]","2023-12-31 - Gross carrying amount [member], Internally generated [member]","2023-12-31 - Gross carrying amount [member], Investment property completed [member]","2023-12-31 - Gross carrying amount [member], Land [member]","2023-12-31 - Gross carrying amount [member], Land and buildings [member]","2023-12-31 - Gross carrying amount [member], Machinery [member]","2023-12-31 - Gross carrying amount [member], Motor vehicles [member]","2023-12-31 - Gross carrying amount [member], Other intangible assets [member]","2023-12-31 - Gross carrying amount [member], Other intangible assets [member], Internally generated [member]","2023-12-31 - Gross carrying amount [member], Other property, plant and equipment [member]","2023-12-31 - Gross carrying amount [member], Service concession rights [member]","2023-12-31 - Gross carrying amount [member], Service concession rights [member], Internally generated [member]","2023-12-31 - Gross carrying amount [member], Vehicles [member]",2023-12-31 - Internally generated [member],2023-12-31 - Investment property completed [member],2023-12-31 - Issued capital [member],2023-12-31 - Joint ventures where entity is venturer [member],2023-12-31 - Land [member],2023-12-31 - Land and buildings [member],2023-12-31 - Machinery [member],2023-12-31 - Material reconciling items [member],2023-12-31 - Miscellaneous other provisions [member],2023-12-31 - Motor vehicles [member],2023-12-31 - Non securitized portfolio [member],"2023-12-31 - Non securitized portfolio [member], Up to date [member]",2023-12-31 - Non-controlling interests [member],2023-12-31 - Operating segments [member],2023-12-31 - Ordinary shares [member],2023-12-31 - Other intangible assets [member],"2023-12-31 - Other intangible assets [member], Internally generated [member]","2023-12-31 - Other property, plant and equipment [member]",2023-12-31 - Other reserves [member],2023-12-31 - Other various reserves [member],2023-12-31 - Others [member],2023-12-31 - Preference shares [member],2023-12-31 - Profit (loss) accumulated [member],2023-12-31 - Provisions trade and other receivables [member],2023-12-31 - Related parties [member],2023-12-31 - Reportable segments [member],2023-12-31 - Reserve of cash flow hedges [member],2023-12-31 - Reserve of exchange differences on translation [member],"2023-12-31 - Selling, general and administrative expense [member]",2023-12-31 - Service concession rights [member],"2023-12-31 - Service concession rights [member], Internally generated [member]",2023-12-31 - Services [member],2023-12-31 - Share premium [member],2023-12-31 - Subsidiaries [member],2023-12-31 - Up to date [member],2023-12-31 - Vehicles [member],2023-12-31 - tx:AsociadaOP_1,2023-12-31 - tx:AsociadaOP_10,2023-12-31 - tx:AsociadaOP_11,2023-12-31 - tx:AsociadaOP_12,2023-12-31 - tx:AsociadaOP_13,2023-12-31 - tx:AsociadaOP_14,2023-12-31 - tx:AsociadaOP_15,2023-12-31 - tx:AsociadaOP_16,2023-12-31 - tx:AsociadaOP_17,2023-12-31 - tx:AsociadaOP_18,2023-12-31 - tx:AsociadaOP_19,2023-12-31 - tx:AsociadaOP_2,2023-12-31 - tx:AsociadaOP_20,2023-12-31 - tx:AsociadaOP_3,2023-12-31 - tx:AsociadaOP_4,2023-12-31 - tx:AsociadaOP_5,2023-12-31 - tx:AsociadaOP_6,2023-12-31 - tx:AsociadaOP_7,2023-12-31 - tx:AsociadaOP_8,2023-12-31 - tx:AsociadaOP_9,2023-12-31 - tx:Cliente_1,2023-12-31 - tx:DividendoActual_1,2023-12-31 - tx:DividendoActual_2,2023-12-31 - tx:DividendoActual_3,2023-12-31 - tx:DividendoActual_4,2023-12-31 - tx:Leasing_1,2023-12-31 - tx:Leasing_10,2023-12-31 - tx:Leasing_11,2023-12-31 - tx:Leasing_12,2023-12-31 - tx:Leasing_13,2023-12-31 - tx:Leasing_14,2023-12-31 - tx:Leasing_15,2023-12-31 - tx:Leasing_16,2023-12-31 - tx:Leasing_17,2023-12-31 - tx:Leasing_18,2023-12-31 - tx:Leasing_19,2023-12-31 - tx:Leasing_2,2023-12-31 - tx:Leasing_20,2023-12-31 - tx:Leasing_21,2023-12-31 - tx:Leasing_22,2023-12-31 - tx:Leasing_23,2023-12-31 - tx:Leasing_24,2023-12-31 - tx:Leasing_25,2023-12-31 - tx:Leasing_26,2023-12-31 - tx:Leasing_27,2023-12-31 - tx:Leasing_28,2023-12-31 - tx:Leasing_29,2023-12-31 - tx:Leasing_3,2023-12-31 - tx:Leasing_30,2023-12-31 - tx:Leasing_31,2023-12-31 - tx:Leasing_32,2023-12-31 - tx:Leasing_33,2023-12-31 - tx:Leasing_34,2023-12-31 - tx:Leasing_35,2023-12-31 - tx:Leasing_36,2023-12-31 - tx:Leasing_37,2023-12-31 - tx:Leasing_38,2023-12-31 - tx:Leasing_39,2023-12-31 - tx:Leasing_4,2023-12-31 - tx:Leasing_40,2023-12-31 - tx:Leasing_41,2023-12-31 - tx:Leasing_42,2023-12-31 - tx:Leasing_43,2023-12-31 - tx:Leasing_44,2023-12-31 - tx:Leasing_45,2023-12-31 - tx:Leasing_46,2023-12-31 - tx:Leasing_47,2023-12-31 - tx:Leasing_48,2023-12-31 - tx:Leasing_49,2023-12-31 - tx:Leasing_5,2023-12-31 - tx:Leasing_50,2023-12-31 - tx:Leasing_51,2023-12-31 - tx:Leasing_52,2023-12-31 - tx:Leasing_53,2023-12-31 - tx:Leasing_54,2023-12-31 - tx:Leasing_55,2023-12-31 - tx:Leasing_56,2023-12-31 - tx:Leasing_57,2023-12-31 - tx:Leasing_6,2023-12-31 - tx:Leasing_7,2023-12-31 - tx:Leasing_8,2023-12-31 - tx:Leasing_9,2023-12-31 - tx:NegociosOP_1,2023-12-31 - tx:NegociosOP_2,2023-12-31 - tx:NegociosOP_3,2023-12-31 - tx:NegociosOP_4,2023-12-31 - tx:NegociosOP_5,2023-12-31 - tx:PaisExtranjero_1,2023-12-31 - tx:Plusvalia_1,"2023-12-31 - tx:Plusvalia_1, Gross carrying amount [member]",2023-12-31 - tx:Prestamo_1,2023-12-31 - tx:Prestamo_10,2023-12-31 - tx:Prestamo_100,2023-12-31 - tx:Prestamo_101,2023-12-31 - tx:Prestamo_102,2023-12-31 - tx:Prestamo_103,2023-12-31 - tx:Prestamo_104,2023-12-31 - tx:Prestamo_105,2023-12-31 - tx:Prestamo_106,2023-12-31 - tx:Prestamo_107,2023-12-31 - tx:Prestamo_108,2023-12-31 - tx:Prestamo_109,2023-12-31 - tx:Prestamo_11,2023-12-31 - tx:Prestamo_110,2023-12-31 - tx:Prestamo_111,2023-12-31 - tx:Prestamo_112,2023-12-31 - tx:Prestamo_113,2023-12-31 - tx:Prestamo_114,2023-12-31 - tx:Prestamo_115,2023-12-31 - tx:Prestamo_116,2023-12-31 - tx:Prestamo_117,2023-12-31 - tx:Prestamo_118,2023-12-31 - tx:Prestamo_119,2023-12-31 - tx:Prestamo_12,2023-12-31 - tx:Prestamo_120,2023-12-31 - tx:Prestamo_121,2023-12-31 - tx:Prestamo_122,2023-12-31 - tx:Prestamo_123,2023-12-31 - tx:Prestamo_124,2023-12-31 - tx:Prestamo_125,2023-12-31 - tx:Prestamo_126,2023-12-31 - tx:Prestamo_127,2023-12-31 - tx:Prestamo_128,2023-12-31 - tx:Prestamo_129,2023-12-31 - tx:Prestamo_13,2023-12-31 - tx:Prestamo_130,2023-12-31 - tx:Prestamo_131,2023-12-31 - tx:Prestamo_132,2023-12-31 - tx:Prestamo_133,2023-12-31 - tx:Prestamo_134,2023-12-31 - tx:Prestamo_135,2023-12-31 - tx:Prestamo_136,2023-12-31 - tx:Prestamo_137,2023-12-31 - tx:Prestamo_138,2023-12-31 - tx:Prestamo_139,2023-12-31 - tx:Prestamo_14,2023-12-31 - tx:Prestamo_140,2023-12-31 - tx:Prestamo_141,2023-12-31 - tx:Prestamo_142,2023-12-31 - tx:Prestamo_143,2023-12-31 - tx:Prestamo_144,2023-12-31 - tx:Prestamo_145,2023-12-31 - tx:Prestamo_146,2023-12-31 - tx:Prestamo_147,2023-12-31 - tx:Prestamo_148,2023-12-31 - tx:Prestamo_149,2023-12-31 - tx:Prestamo_15,2023-12-31 - tx:Prestamo_150,2023-12-31 - tx:Prestamo_151,2023-12-31 - tx:Prestamo_152,2023-12-31 - tx:Prestamo_153,2023-12-31 - tx:Prestamo_154,2023-12-31 - tx:Prestamo_155,2023-12-31 - tx:Prestamo_16,2023-12-31 - tx:Prestamo_17,2023-12-31 - tx:Prestamo_18,2023-12-31 - tx:Prestamo_19,2023-12-31 - tx:Prestamo_2,2023-12-31 - tx:Prestamo_20,2023-12-31 - tx:Prestamo_21,2023-12-31 - tx:Prestamo_22,2023-12-31 - tx:Prestamo_23,2023-12-31 - tx:Prestamo_24,2023-12-31 - tx:Prestamo_25,2023-12-31 - tx:Prestamo_26,2023-12-31 - tx:Prestamo_27,2023-12-31 - tx:Prestamo_28,2023-12-31 - tx:Prestamo_29,2023-12-31 - tx:Prestamo_3,2023-12-31 - tx:Prestamo_30,2023-12-31 - tx:Prestamo_31,2023-12-31 - tx:Prestamo_32,2023-12-31 - tx:Prestamo_33,2023-12-31 - tx:Prestamo_34,2023-12-31 - tx:Prestamo_35,2023-12-31 - tx:Prestamo_36,2023-12-31 - tx:Prestamo_37,2023-12-31 - tx:Prestamo_38,2023-12-31 - tx:Prestamo_39,2023-12-31 - tx:Prestamo_4,2023-12-31 - tx:Prestamo_40,2023-12-31 - tx:Prestamo_41,2023-12-31 - tx:Prestamo_42,2023-12-31 - tx:Prestamo_43,2023-12-31 - tx:Prestamo_44,2023-12-31 - tx:Prestamo_45,2023-12-31 - tx:Prestamo_46,2023-12-31 - tx:Prestamo_47,2023-12-31 - tx:Prestamo_48,2023-12-31 - tx:Prestamo_49,2023-12-31 - tx:Prestamo_5,2023-12-31 - tx:Prestamo_50,2023-12-31 - tx:Prestamo_51,2023-12-31 - tx:Prestamo_52,2023-12-31 - tx:Prestamo_53,2023-12-31 - tx:Prestamo_54,2023-12-31 - tx:Prestamo_55,2023-12-31 - tx:Prestamo_56,2023-12-31 - tx:Prestamo_57,2023-12-31 - tx:Prestamo_58,2023-12-31 - tx:Prestamo_59,2023-12-31 - tx:Prestamo_6,2023-12-31 - tx:Prestamo_60,2023-12-31 - tx:Prestamo_61,2023-12-31 - tx:Prestamo_62,2023-12-31 - tx:Prestamo_63,2023-12-31 - tx:Prestamo_64,2023-12-31 - tx:Prestamo_65,2023-12-31 - tx:Prestamo_66,2023-12-31 - tx:Prestamo_67,2023-12-31 - tx:Prestamo_68,2023-12-31 - tx:Prestamo_69,2023-12-31 - tx:Prestamo_7,2023-12-31 - tx:Prestamo_70,2023-12-31 - tx:Prestamo_71,2023-12-31 - tx:Prestamo_72,2023-12-31 - tx:Prestamo_73,2023-12-31 - tx:Prestamo_74,2023-12-31 - tx:Prestamo_75,2023-12-31 - tx:Prestamo_76,2023-12-31 - tx:Prestamo_77,2023-12-31 - tx:Prestamo_78,2023-12-31 - tx:Prestamo_79,2023-12-31 - tx:Prestamo_8,2023-12-31 - tx:Prestamo_80,2023-12-31 - tx:Prestamo_81,2023-12-31 - tx:Prestamo_82,2023-12-31 - tx:Prestamo_83,2023-12-31 - tx:Prestamo_84,2023-12-31 - tx:Prestamo_85,2023-12-31 - tx:Prestamo_86,2023-12-31 - tx:Prestamo_87,2023-12-31 - tx:Prestamo_88,2023-12-31 - tx:Prestamo_89,2023-12-31 - tx:Prestamo_9,2023-12-31 - tx:Prestamo_90,2023-12-31 - tx:Prestamo_91,2023-12-31 - tx:Prestamo_92,2023-12-31 - tx:Prestamo_93,2023-12-31 - tx:Prestamo_94,2023-12-31 - tx:Prestamo_95,2023-12-31 - tx:Prestamo_96,2023-12-31 - tx:Prestamo_97,2023-12-31 - tx:Prestamo_98,2023-12-31 - tx:Prestamo_99,2023-12-31 - tx:Producto_1,2023-12-31 - tx:Producto_2,2023-12-31 - tx:Producto_3,2023-12-31 - tx:Producto_4,2023-12-31 - tx:Publico_1,2023-12-31 - tx:Publico_2,2023-12-31 - tx:Segmento_1,2023-12-31 - tx:Segmento_2,2023-12-31 - tx:Segmento_3,2023-12-31 - tx:Segmento_4,2023-12-31 - tx:SubsidiariaOP_1,2023-12-31 - tx:SubsidiariaOP_10,2023-12-31 - tx:SubsidiariaOP_11,2023-12-31 - tx:SubsidiariaOP_12,2023-12-31 - tx:SubsidiariaOP_13,2023-12-31 - tx:SubsidiariaOP_14,2023-12-31 - tx:SubsidiariaOP_15,2023-12-31 - tx:SubsidiariaOP_16,2023-12-31 - tx:SubsidiariaOP_17,2023-12-31 - tx:SubsidiariaOP_18,2023-12-31 - tx:SubsidiariaOP_19,2023-12-31 - tx:SubsidiariaOP_2,2023-12-31 - tx:SubsidiariaOP_20,2023-12-31 - tx:SubsidiariaOP_21,2023-12-31 - tx:SubsidiariaOP_22,2023-12-31 - tx:SubsidiariaOP_23,2023-12-31 - tx:SubsidiariaOP_3,2023-12-31 - tx:SubsidiariaOP_4,2023-12-31 - tx:SubsidiariaOP_5,2023-12-31 - tx:SubsidiariaOP_6,2023-12-31 - tx:SubsidiariaOP_7,2023-12-31 - tx:SubsidiariaOP_8,2023-12-31 - tx:SubsidiariaOP_9,2023-12-31 - tx:SubsidiariaP_1,2023-12-31 - tx:SubsidiariaP_10,2023-12-31 - tx:SubsidiariaP_11,2023-12-31 - tx:SubsidiariaP_12,2023-12-31 - tx:SubsidiariaP_13,2023-12-31 - tx:SubsidiariaP_14,2023-12-31 - tx:SubsidiariaP_15,2023-12-31 - tx:SubsidiariaP_16,2023-12-31 - tx:SubsidiariaP_17,2023-12-31 - tx:SubsidiariaP_18,2023-12-31 - tx:SubsidiariaP_19,2023-12-31 - tx:SubsidiariaP_2,2023-12-31 - tx:SubsidiariaP_20,2023-12-31 - tx:SubsidiariaP_21,2023-12-31 - tx:SubsidiariaP_22,2023-12-31 - tx:SubsidiariaP_3,2023-12-31 - tx:SubsidiariaP_4,2023-12-31 - tx:SubsidiariaP_5,2023-12-31 - tx:SubsidiariaP_6,2023-12-31 - tx:SubsidiariaP_7,2023-12-31 - tx:SubsidiariaP_8,2023-12-31 - tx:SubsidiariaP_9
[110000] Nota -Información general sobre estados financieros,,
,Disclosure of general information about financial statements [text block],,,,,,,,,,,,,,,,,,,,,,,,,,,,,,,,,,,,,,,,,,,,,,,,,,,,,,,,,,,,,,,,,,,,,,,,,,,,,,,,,,,,,,,,,,,,,,,,,,,,,,,,,,,,,,,,,,,,,,,,,,,,,,,,,,,,,,,,,,,,,,,,,,,,,,,,,,,,,,,,,,,,,,,,,,,,,,,,,,,,,,,,,,,,,,,,,,,,,,,,,,,,,,,,,,,,,,,,,,,,,,,,,,,,,,,,,,,,,,,,,,,,,,,,,,,,,,,,,,,,,,,,,,,,,,,,,,,,,,,,,,,,,,,,,,,,,,,,,,,,,,,,,,,,,,,,,,,,,,,,,,,,,,,,,,,,,,,,,,,,,,,,,,,,,,,,,,,,,,,,,,,,,,,,,,,,,,,,,,,,,,,,,,,,,,,,,,,,,,,,,,,,,,,,,,,,,,,,,,,,,,,,,,,,,,,,,,,,,,,,,,,,,,,,,,En la preparación de los estados financieros consolidados de Besalco S.A. y filiales se han aplicado los principios y criterios incluidos en las Normas Internacionales de Información Financiera (NIIF ó IFRS por su sigla en inglés).,,,,,,,,,,,,,,,,,,,,,,,,,,,,,,,,,,,,,,,,,,,,,,,,,,,,,,,,,,,,,,,,,,,,,,,,,,,,,,,,,,,,,,,,,,,,,,,,,,,,,,,,,,,,,,,,,,,,,,,,,,,,,,,,,,,,,,,,,,,,,,,,,,,,,,,,,,,,,,,,,,,,,,,,,,,,,,,,,,,,,,,,,,,,,,,,,,,,,,,,,,,,,,,,,,,,,,,,,,,,,,,,,,,,,,,,,,,,,,,,,,,,,,,,,,,,,,,,,,,,,,,,,,,,,,,,,,,,,,,,,,,,,,,,,,,,,,,,,,,,,,,,,,,,,,,,,,,,,,,,,,,,,,,,,,,,,,,,,,,,,,,,,,,,,,,,,,,,,,,,,,,,,,,,,,,,,,,,,,,,,,,,,
,,Name of reporting entity or other means of identification,,,,,,,,,,,,,,,,,,,,,,,,,,,,,,,,,,,,,,,,,,,,,,,,,,,,,,,,,,,,,,,,,,,,,,,,,,,,,,,,,,,,,,,,,,,,,,,,,,,,,,,,,,,,,,,,,,,,,,,,,,,,,,,,,,,,,,,,,,,,,,,,,,,,,,,,,,,,,,,,,,,,,,,,,,,,,,,,,,,,,,,,,,,,,,,,,,,,,,,,,,,,,,,,,,,,,,,,,,,,,,,,,,,,,,,,,,,,,,,,,,,,,,,,,,,,,,,,,,,,,,,,,,,,,,,,,,,,,,,,,,,,,,,,,,,,,,,,,,,,,,,,,,,,,,,,,,,,,,,,,,,,,,,,,,,,,,,,,,,,,,,,,,,,,,,,,,,,,,,,,,,,,,,,,,,,,,,,,,,,,,,,,,,,,,,,,,,,,,,,,,,,,,,,,,,,,,,,,,,,,,,,,,,,,,,,,,,,,,,,,,,,,,,,,BESALCO S.A.,,,,,,,,,,,,,,,,,,,,,,,,,,,,,,,,,,,,,,,,,,,,,,,,,,,,,,,,,,,,,,,,,,,,,,,,,,,,,,,,,,,,,,,,,,,,,,,,,,,,,,,,,,,,,,,,,,,,,,,,,,,,,,,,,,,,,,,,,,,,,,,,,,,,,,,,,,,,,,,,,,,,,,,,,,,,,,,,,,,,,,,,,,,,,,,,,,,,,,,,,,,,,,,,,,,,,,,,,,,,,,,,,,,,,,,,,,,,,,,,,,,,,,,,,,,,,,,,,,,,,,,,,,,,,,,,,,,,,,,,,,,,,,,,,,,,,,,,,,,,,,,,,,,,,,,,,,,,,,,,,,,,,,,,,,,,,,,,,,,,,,,,,,,,,,,,,,,,,,,,,,,,,,,,,,,,,,,,,,,,,,,,,
,,RUT reporting entity,,,,,,,,,,,,,,,,,,,,,,,,,,,,,,,,,,,,,,,,,,,,,,,,,,,,,,,,,,,,,,,,,,,,,,,,,,,,,,,,,,,,,,,,,,,,,,,,,,,,,,,,,,,,,,,,,,,,,,,,,,,,,,,,,,,,,,,,,,,,,,,,,,,,,,,,,,,,,,,,,,,,,,,,,,,,,,,,,,,,,,,,,,,,,,,,,,,,,,,,,,,,,,,,,,,,,,,,,,,,,,,,,,,,,,,,,,,,,,,,,,,,,,,,,,,,,,,,,,,,,,,,,,,,,,,,,,,,,,,,,,,,,,,,,,,,,,,,,,,,,,,,,,,,,,,,,,,,,,,,,,,,,,,,,,,,,,,,,,,,,,,,,,,,,,,,,,,,,,,,,,,,,,,,,,,,,,,,,,,,,,,,,,,,,,,,,,,,,,,,,,,,,,,,,,,,,,,,,,,,,,,,,,,,,,,,,,,,,,,,,,,,,,,,,92434000-2,,,,,,,,,,,,,,,,,,,,,,,,,,,,,,,,,,,,,,,,,,,,,,,,,,,,,,,,,,,,,,,,,,,,,,,,,,,,,,,,,,,,,,,,,,,,,,,,,,,,,,,,,,,,,,,,,,,,,,,,,,,,,,,,,,,,,,,,,,,,,,,,,,,,,,,,,,,,,,,,,,,,,,,,,,,,,,,,,,,,,,,,,,,,,,,,,,,,,,,,,,,,,,,,,,,,,,,,,,,,,,,,,,,,,,,,,,,,,,,,,,,,,,,,,,,,,,,,,,,,,,,,,,,,,,,,,,,,,,,,,,,,,,,,,,,,,,,,,,,,,,,,,,,,,,,,,,,,,,,,,,,,,,,,,,,,,,,,,,,,,,,,,,,,,,,,,,,,,,,,,,,,,,,,,,,,,,,,,,,,,,,,,
,,Explanation of change in name of reporting entity or other means of identification from end of preceding reporting period,,,,,,,,,,,,,,,,,,,,,,,,,,,,,,,,,,,,,,,,,,,,,,,,,,,,,,,,,,,,,,,,,,,,,,,,,,,,,,,,,,,,,,,,,,,,,,,,,,,,,,,,,,,,,,,,,,,,,,,,,,,,,,,,,,,,,,,,,,,,,,,,,,,,,,,,,,,,,,,,,,,,,,,,,,,,,,,,,,,,,,,,,,,,,,,,,,,,,,,,,,,,,,,,,,,,,,,,,,,,,,,,,,,,,,,,,,,,,,,,,,,,,,,,,,,,,,,,,,,,,,,,,,,,,,,,,,,,,,,,,,,,,,,,,,,,,,,,,,,,,,,,,,,,,,,,,,,,,,,,,,,,,,,,,,,,,,,,,,,,,,,,,,,,,,,,,,,,,,,,,,,,,,,,,,,,,,,,,,,,,,,,,,,,,,,,,,,,,,,,,,,,,,,,,,,,,,,,,,,,,,,,,,,,,,,,,,,,,,,,,,,,,,,,,,,,,,,,,,,,,,,,,,,,,,,,,,,,,,,,,,,,,,,,,,,,,,,,,,,,,,,,,,,,,,,,,,,,,,,,,,,,,,,,,,,,,,,,,,,,,,,,,,,,,,,,,,,,,,,,,,,,,,,,,,,,,,,,,,,,,,,,,,,,,,,,,,,,,,,,,,,,,,,,,,,,,,,,,,,,,,,,,,,,,,,,,,,,,,,,,,,,,,,,,,,,,,,,,,,,,,,,,,,,,,,,,,,,,,,,,,,,,,,,,,,,,,,,,,,,,,,,,,,,,,,,,,,,,,,,,,,,,,,,,,,,,,,,,,,,,,,,,,,,,,,,,,,,,,,,,,,,,,,,,,,,,,,,,,,,,,,,,,,,,,,,,,,,,,,,,,,,,,,,,,,,,,,,,,,,,,,,,,,,,,,,,,
,,Description of nature of financial statements,,,,,,,,,,,,,,,,,,,,,,,,,,,,,,,,,,,,,,,,,,,,,,,,,,,,,,,,,,,,,,,,,,,,,,,,,,,,,,,,,,,,,,,,,,,,,,,,,,,,,,,,,,,,,,,,,,,,,,,,,,,,,,,,,,,,,,,,,,,,,,,,,,,,,,,,,,,,,,,,,,,,,,,,,,,,,,,,,,,,,,,,,,,,,,,,,,,,,,,,,,,,,,,,,,,,,,,,,,,,,,,,,,,,,,,,,,,,,,,,,,,,,,,,,,,,,,,,,,,,,,,,,,,,,,,,,,,,,,,,,,,,,,,,,,,,,,,,,,,,,,,,,,,,,,,,,,,,,,,,,,,,,,,,,,,,,,,,,,,,,,,,,,,,,,,,,,,,,,,,,,,,,,,,,,,,,,,,,,,,,,,,,,,,,,,,,,,,,,,,,,,,,,,,,,,,,,,,,,,,,,,,,,,,,,,,,,,,,,,,,,,,,,,,,CONSOLIDADO,,,,,,,,,,,,,,,,,,,,,,,,,,,,,,,,,,,,,,,,,,,,,,,,,,,,,,,,,,,,,,,,,,,,,,,,,,,,,,,,,,,,,,,,,,,,,,,,,,,,,,,,,,,,,,,,,,,,,,,,,,,,,,,,,,,,,,,,,,,,,,,,,,,,,,,,,,,,,,,,,,,,,,,,,,,,,,,,,,,,,,,,,,,,,,,,,,,,,,,,,,,,,,,,,,,,,,,,,,,,,,,,,,,,,,,,,,,,,,,,,,,,,,,,,,,,,,,,,,,,,,,,,,,,,,,,,,,,,,,,,,,,,,,,,,,,,,,,,,,,,,,,,,,,,,,,,,,,,,,,,,,,,,,,,,,,,,,,,,,,,,,,,,,,,,,,,,,,,,,,,,,,,,,,,,,,,,,,,,,,,,,,,
,,Type FS,,,,,,,,,,,,,,,,,,,,,,,,,,,,,,,,,,,,,,,,,,,,,,,,,,,,,,,,,,,,,,,,,,,,,,,,,,,,,,,,,,,,,,,,,,,,,,,,,,,,,,,,,,,,,,,,,,,,,,,,,,,,,,,,,,,,,,,,,,,,,,,,,,,,,,,,,,,,,,,,,,,,,,,,,,,,,,,,,,,,,,,,,,,,,,,,,,,,,,,,,,,,,,,,,,,,,,,,,,,,,,,,,,,,,,,,,,,,,,,,,,,,,,,,,,,,,,,,,,,,,,,,,,,,,,,,,,,,,,,,,,,,,,,,,,,,,,,,,,,,,,,,,,,,,,,,,,,,,,,,,,,,,,,,,,,,,,,,,,,,,,,,,,,,,,,,,,,,,,,,,,,,,,,,,,,,,,,,,,,,,,,,,,,,,,,,,,,,,,,,,,,,,,,,,,,,,,,,,,,,,,,,,,,,,,,,,,,,,,,,,,,,,,,,,Consolidado,,,,,,,,,,,,,,,,,,,,,,,,,,,,,,,,,,,,,,,,,,,,,,,,,,,,,,,,,,,,,,,,,,,,,,,,,,,,,,,,,,,,,,,,,,,,,,,,,,,,,,,,,,,,,,,,,,,,,,,,,,,,,,,,,,,,,,,,,,,,,,,,,,,,,,,,,,,,,,,,,,,,,,,,,,,,,,,,,,,,,,,,,,,,,,,,,,,,,,,,,,,,,,,,,,,,,,,,,,,,,,,,,,,,,,,,,,,,,,,,,,,,,,,,,,,,,,,,,,,,,,,,,,,,,,,,,,,,,,,,,,,,,,,,,,,,,,,,,,,,,,,,,,,,,,,,,,,,,,,,,,,,,,,,,,,,,,,,,,,,,,,,,,,,,,,,,,,,,,,,,,,,,,,,,,,,,,,,,,,,,,,,,
,,Date of end of reporting period,,,,,,,,,,,,,,,,,,,,,,,,,,,,,,,,,,,,,,,,,,,,,,,,,,,,,,,,,,,,,,,,,,,,,,,,,,,,,,,,,,,,,,,,,,,,,,,,,,,,,,,,,,,,,,,,,,,,,,,,,,,,,,,,,,,,,,,,,,,,,,,,,,,,,,,,,,,,,,,,,,,,,,,,,,,,,,,,,,,,,,,,,,,,,,,,,,,,,,,,,,,,,,,,,,,,,,,,,,,,,,,,,,,,,,,,,,,,,,,,,,,,,,,,,,,,,,,,,,,,,,,,,,,,,,,,,,,,,,,,,,,,,,,,,,,,,,,,,,,,,,,,,,,,,,,,,,,,,,,,,,,,,,,,,,,,,,,,,,,,,,,,,,,,,,,,,,,,,,,,,,,,,,,,,,,,,,,,,,,,,,,,,,,,,,,,,,,,,,,,,,,,,,,,,,,,,,,,,,,,,,,,,,,,,,,,,,,,,,,,,,,,,,,,,2023-12-31,,,,,,,,,,,,,,,,,,,,,,,,,,,,,,,,,,,,,,,,,,,,,,,,,,,,,,,,,,,,,,,,,,,,,,,,,,,,,,,,,,,,,,,,,,,,,,,,,,,,,,,,,,,,,,,,,,,,,,,,,,,,,,,,,,,,,,,,,,,,,,,,,,,,,,,,,,,,,,,,,,,,,,,,,,,,,,,,,,,,,,,,,,,,,,,,,,,,,,,,,,,,,,,,,,,,,,,,,,,,,,,,,,,,,,,,,,,,,,,,,,,,,,,,,,,,,,,,,,,,,,,,,,,,,,,,,,,,,,,,,,,,,,,,,,,,,,,,,,,,,,,,,,,,,,,,,,,,,,,,,,,,,,,,,,,,,,,,,,,,,,,,,,,,,,,,,,,,,,,,,,,,,,,,,,,,,,,,,,,,,,,,,
,,Period covered by financial statements,,,,,,,,,,,,,,,,,,,,,,,,,,,,,,,,,,,,,,,,,,,,,,,,,,,,,,,,,,,,,,,,,,,,,,,,,,,,,,,,,,,,,,,,,,,,,,,,,,,,,,,,,,,,,,,,,,,,,,,,,,,,,,,,,,,,,,,,,,,,,,,,,,,,,,,,,,,,,,,,,,,,,,,,,,,,,,,,,,,,,,,,,,,,,,,,,,,,,,,,,,,,,,,,,,,,,,,,,,,,,,,,,,,,,,,,,,,,,,,,,,,,,,,,,,,,,,,,,,,,,,,,,,,,,,,,,,,,,,,,,,,,,,,,,,,,,,,,,,,,,,,,,,,,,,,,,,,,,,,,,,,,,,,,,,,,,,,,,,,,,,,,,,,,,,,,,,,,,,,,,,,,,,,,,,,,,,,,,,,,,,,,,,,,,,,,,,,,,,,,,,,,,,,,,,,,,,,,,,,,,,,,,,,,,,,,,,,,,,,,,,,,,,,,,AL TREINTA Y UNO DE DICIEMBRE DE DOS MIL VEINTE Y TRES AL TREINTA Y UNO DE DICIEMBRE DE DOS MIL VEINTE Y DOS,,,,,,,,,,,,,,,,,,,,,,,,,,,,,,,,,,,,,,,,,,,,,,,,,,,,,,,,,,,,,,,,,,,,,,,,,,,,,,,,,,,,,,,,,,,,,,,,,,,,,,,,,,,,,,,,,,,,,,,,,,,,,,,,,,,,,,,,,,,,,,,,,,,,,,,,,,,,,,,,,,,,,,,,,,,,,,,,,,,,,,,,,,,,,,,,,,,,,,,,,,,,,,,,,,,,,,,,,,,,,,,,,,,,,,,,,,,,,,,,,,,,,,,,,,,,,,,,,,,,,,,,,,,,,,,,,,,,,,,,,,,,,,,,,,,,,,,,,,,,,,,,,,,,,,,,,,,,,,,,,,,,,,,,,,,,,,,,,,,,,,,,,,,,,,,,,,,,,,,,,,,,,,,,,,,,,,,,,,,,,,,,,
,,Description of presentation currency,,,,,,,,,,,,,,,,,,,,,,,,,,,,,,,,,,,,,,,,,,,,,,,,,,,,,,,,,,,,,,,,,,,,,,,,,,,,,,,,,,,,,,,,,,,,,,,,,,,,,,,,,,,,,,,,,,,,,,,,,,,,,,,,,,,,,,,,,,,,,,,,,,,,,,,,,,,,,,,,,,,,,,,,,,,,,,,,,,,,,,,,,,,,,,,,,,,,,,,,,,,,,,,,,,,,,,,,,,,,,,,,,,,,,,,,,,,,,,,,,,,,,,,,,,,,,,,,,,,,,,,,,,,,,,,,,,,,,,,,,,,,,,,,,,,,,,,,,,,,,,,,,,,,,,,,,,,,,,,,,,,,,,,,,,,,,,,,,,,,,,,,,,,,,,,,,,,,,,,,,,,,,,,,,,,,,,,,,,,,,,,,,,,,,,,,,,,,,,,,,,,,,,,,,,,,,,,,,,,,,,,,,,,,,,,,,,,,,,,,,,,,,,,,,CLP: Chilean Peso,,,,,,,,,,,,,,,,,,,,,,,,,,,,,,,,,,,,,,,,,,,,,,,,,,,,,,,,,,,,,,,,,,,,,,,,,,,,,,,,,,,,,,,,,,,,,,,,,,,,,,,,,,,,,,,,,,,,,,,,,,,,,,,,,,,,,,,,,,,,,,,,,,,,,,,,,,,,,,,,,,,,,,,,,,,,,,,,,,,,,,,,,,,,,,,,,,,,,,,,,,,,,,,,,,,,,,,,,,,,,,,,,,,,,,,,,,,,,,,,,,,,,,,,,,,,,,,,,,,,,,,,,,,,,,,,,,,,,,,,,,,,,,,,,,,,,,,,,,,,,,,,,,,,,,,,,,,,,,,,,,,,,,,,,,,,,,,,,,,,,,,,,,,,,,,,,,,,,,,,,,,,,,,,,,,,,,,,,,,,,,,,,
,,Level of rounding used in financial statements,,,,,,,,,,,,,,,,,,,,,,,,,,,,,,,,,,,,,,,,,,,,,,,,,,,,,,,,,,,,,,,,,,,,,,,,,,,,,,,,,,,,,,,,,,,,,,,,,,,,,,,,,,,,,,,,,,,,,,,,,,,,,,,,,,,,,,,,,,,,,,,,,,,,,,,,,,,,,,,,,,,,,,,,,,,,,,,,,,,,,,,,,,,,,,,,,,,,,,,,,,,,,,,,,,,,,,,,,,,,,,,,,,,,,,,,,,,,,,,,,,,,,,,,,,,,,,,,,,,,,,,,,,,,,,,,,,,,,,,,,,,,,,,,,,,,,,,,,,,,,,,,,,,,,,,,,,,,,,,,,,,,,,,,,,,,,,,,,,,,,,,,,,,,,,,,,,,,,,,,,,,,,,,,,,,,,,,,,,,,,,,,,,,,,,,,,,,,,,,,,,,,,,,,,,,,,,,,,,,,,,,,,,,,,,,,,,,,,,,,,,,,,,,,,SIN REDONDEO,,,,,,,,,,,,,,,,,,,,,,,,,,,,,,,,,,,,,,,,,,,,,,,,,,,,,,,,,,,,,,,,,,,,,,,,,,,,,,,,,,,,,,,,,,,,,,,,,,,,,,,,,,,,,,,,,,,,,,,,,,,,,,,,,,,,,,,,,,,,,,,,,,,,,,,,,,,,,,,,,,,,,,,,,,,,,,,,,,,,,,,,,,,,,,,,,,,,,,,,,,,,,,,,,,,,,,,,,,,,,,,,,,,,,,,,,,,,,,,,,,,,,,,,,,,,,,,,,,,,,,,,,,,,,,,,,,,,,,,,,,,,,,,,,,,,,,,,,,,,,,,,,,,,,,,,,,,,,,,,,,,,,,,,,,,,,,,,,,,,,,,,,,,,,,,,,,,,,,,,,,,,,,,,,,,,,,,,,,,,,,,,,
,,Code of main activity,,,,,,,,,,,,,,,,,,,,,,,,,,,,,,,,,,,,,,,,,,,,,,,,,,,,,,,,,,,,,,,,,,,,,,,,,,,,,,,,,,,,,,,,,,,,,,,,,,,,,,,,,,,,,,,,,,,,,,,,,,,,,,,,,,,,,,,,,,,,,,,,,,,,,,,,,,,,,,,,,,,,,,,,,,,,,,,,,,,,,,,,,,,,,,,,,,,,,,,,,,,,,,,,,,,,,,,,,,,,,,,,,,,,,,,,,,,,,,,,,,,,,,,,,,,,,,,,,,,,,,,,,,,,,,,,,,,,,,,,,,,,,,,,,,,,,,,,,,,,,,,,,,,,,,,,,,,,,,,,,,,,,,,,,,,,,,,,,,,,,,,,,,,,,,,,,,,,,,,,,,,,,,,,,,,,,,,,,,,,,,,,,,,,,,,,,,,,,,,,,,,,,,,,,,,,,,,,,,,,,,,,,,,,,,,,,,,,,,,,,,,,,,,,,0100 Construcción,,,,,,,,,,,,,,,,,,,,,,,,,,,,,,,,,,,,,,,,,,,,,,,,,,,,,,,,,,,,,,,,,,,,,,,,,,,,,,,,,,,,,,,,,,,,,,,,,,,,,,,,,,,,,,,,,,,,,,,,,,,,,,,,,,,,,,,,,,,,,,,,,,,,,,,,,,,,,,,,,,,,,,,,,,,,,,,,,,,,,,,,,,,,,,,,,,,,,,,,,,,,,,,,,,,,,,,,,,,,,,,,,,,,,,,,,,,,,,,,,,,,,,,,,,,,,,,,,,,,,,,,,,,,,,,,,,,,,,,,,,,,,,,,,,,,,,,,,,,,,,,,,,,,,,,,,,,,,,,,,,,,,,,,,,,,,,,,,,,,,,,,,,,,,,,,,,,,,,,,,,,,,,,,,,,,,,,,,,,,,,,,,
,,Code of activity two,,,,,,,,,,,,,,,,,,,,,,,,,,,,,,,,,,,,,,,,,,,,,,,,,,,,,,,,,,,,,,,,,,,,,,,,,,,,,,,,,,,,,,,,,,,,,,,,,,,,,,,,,,,,,,,,,,,,,,,,,,,,,,,,,,,,,,,,,,,,,,,,,,,,,,,,,,,,,,,,,,,,,,,,,,,,,,,,,,,,,,,,,,,,,,,,,,,,,,,,,,,,,,,,,,,,,,,,,,,,,,,,,,,,,,,,,,,,,,,,,,,,,,,,,,,,,,,,,,,,,,,,,,,,,,,,,,,,,,,,,,,,,,,,,,,,,,,,,,,,,,,,,,,,,,,,,,,,,,,,,,,,,,,,,,,,,,,,,,,,,,,,,,,,,,,,,,,,,,,,,,,,,,,,,,,,,,,,,,,,,,,,,,,,,,,,,,,,,,,,,,,,,,,,,,,,,,,,,,,,,,,,,,,,,,,,,,,,,,,,,,,,,,,,,,,,,,,,,,,,,,,,,,,,,,,,,,,,,,,,,,,,,,,,,,,,,,,,,,,,,,,,,,,,,,,,,,,,,,,,,,,,,,,,,,,,,,,,,,,,,,,,,,,,,,,,,,,,,,,,,,,,,,,,,,,,,,,,,,,,,,,,,,,,,,,,,,,,,,,,,,,,,,,,,,,,,,,,,,,,,,,,,,,,,,,,,,,,,,,,,,,,,,,,,,,,,,,,,,,,,,,,,,,,,,,,,,,,,,,,,,,,,,,,,,,,,,,,,,,,,,,,,,,,,,,,,,,,,,,,,,,,,,,,,,,,,,,,,,,,,,,,,,,,,,,,,,,,,,,,,,,,,,,,,,,,,,,,,,,,,,,,,,,,,,,,,,,,,,,,,,,,,,,,,,,,,,,,,,,,,,,,,,,,,,,,,,
,,Code of activity three,,,,,,,,,,,,,,,,,,,,,,,,,,,,,,,,,,,,,,,,,,,,,,,,,,,,,,,,,,,,,,,,,,,,,,,,,,,,,,,,,,,,,,,,,,,,,,,,,,,,,,,,,,,,,,,,,,,,,,,,,,,,,,,,,,,,,,,,,,,,,,,,,,,,,,,,,,,,,,,,,,,,,,,,,,,,,,,,,,,,,,,,,,,,,,,,,,,,,,,,,,,,,,,,,,,,,,,,,,,,,,,,,,,,,,,,,,,,,,,,,,,,,,,,,,,,,,,,,,,,,,,,,,,,,,,,,,,,,,,,,,,,,,,,,,,,,,,,,,,,,,,,,,,,,,,,,,,,,,,,,,,,,,,,,,,,,,,,,,,,,,,,,,,,,,,,,,,,,,,,,,,,,,,,,,,,,,,,,,,,,,,,,,,,,,,,,,,,,,,,,,,,,,,,,,,,,,,,,,,,,,,,,,,,,,,,,,,,,,,,,,,,,,,,,,,,,,,,,,,,,,,,,,,,,,,,,,,,,,,,,,,,,,,,,,,,,,,,,,,,,,,,,,,,,,,,,,,,,,,,,,,,,,,,,,,,,,,,,,,,,,,,,,,,,,,,,,,,,,,,,,,,,,,,,,,,,,,,,,,,,,,,,,,,,,,,,,,,,,,,,,,,,,,,,,,,,,,,,,,,,,,,,,,,,,,,,,,,,,,,,,,,,,,,,,,,,,,,,,,,,,,,,,,,,,,,,,,,,,,,,,,,,,,,,,,,,,,,,,,,,,,,,,,,,,,,,,,,,,,,,,,,,,,,,,,,,,,,,,,,,,,,,,,,,,,,,,,,,,,,,,,,,,,,,,,,,,,,,,,,,,,,,,,,,,,,,,,,,,,,,,,,,,,,,,,,,,,,,,,,,,,,,,,,,,,,,,
,,Name of external audit company,,,,,,,,,,,,,,,,,,,,,,,,,,,,,,,,,,,,,,,,,,,,,,,,,,,,,,,,,,,,,,,,,,,,,,,,,,,,,,,,,,,,,,,,,,,,,,,,,,,,,,,,,,,,,,,,,,,,,,,,,,,,,,,,,,,,,,,,,,,,,,,,,,,,,,,,,,,,,,,,,,,,,,,,,,,,,,,,,,,,,,,,,,,,,,,,,,,,,,,,,,,,,,,,,,,,,,,,,,,,,,,,,,,,,,,,,,,,,,,,,,,,,,,,,,,,,,,,,,,,,,,,,,,,,,,,,,,,,,,,,,,,,,,,,,,,,,,,,,,,,,,,,,,,,,,,,,,,,,,,,,,,,,,,,,,,,,,,,,,,,,,,,,,,,,,,,,,,,,,,,,,,,,,,,,,,,,,,,,,,,,,,,,,,,,,,,,,,,,,,,,,,,,,,,,,,,,,,,,,,,,,,,,,,,,,,,,,,,,,,,,,,,,,,,[78188190-2] MAZARS AUDITORES CONSULTORES SPA,,,,,,,,,,,,,,,,,,,,,,,,,,,,,,,,,,,,,,,,,,,,,,,,,,,,,,,,,,,,,,,,,,,,,,,,,,,,,,,,,,,,,,,,,,,,,,,,,,,,,,,,,,,,,,,,,,,,,,,,,,,,,,,,,,,,,,,,,,,,,,,,,,,,,,,,,,,,,,,,,,,,,,,,,,,,,,,,,,,,,,,,,,,,,,,,,,,,,,,,,,,,,,,,,,,,,,,,,,,,,,,,,,,,,,,,,,,,,,,,,,,,,,,,,,,,,,,,,,,,,,,,,,,,,,,,,,,,,,,,,,,,,,,,,,,,,,,,,,,,,,,,,,,,,,,,,,,,,,,,,,,,,,,,,,,,,,,,,,,,,,,,,,,,,,,,,,,,,,,,,,,,,,,,,,,,,,,,,,,,,,,,,
,,Name of partner who signs opinion,,,,,,,,,,,,,,,,,,,,,,,,,,,,,,,,,,,,,,,,,,,,,,,,,,,,,,,,,,,,,,,,,,,,,,,,,,,,,,,,,,,,,,,,,,,,,,,,,,,,,,,,,,,,,,,,,,,,,,,,,,,,,,,,,,,,,,,,,,,,,,,,,,,,,,,,,,,,,,,,,,,,,,,,,,,,,,,,,,,,,,,,,,,,,,,,,,,,,,,,,,,,,,,,,,,,,,,,,,,,,,,,,,,,,,,,,,,,,,,,,,,,,,,,,,,,,,,,,,,,,,,,,,,,,,,,,,,,,,,,,,,,,,,,,,,,,,,,,,,,,,,,,,,,,,,,,,,,,,,,,,,,,,,,,,,,,,,,,,,,,,,,,,,,,,,,,,,,,,,,,,,,,,,,,,,,,,,,,,,,,,,,,,,,,,,,,,,,,,,,,,,,,,,,,,,,,,,,,,,,,,,,,,,,,,,,,,,,,,,,,,,,,,,,,Ruben Emilio Lopez Di Rubba,,,,,,,,,,,,,,,,,,,,,,,,,,,,,,,,,,,,,,,,,,,,,,,,,,,,,,,,,,,,,,,,,,,,,,,,,,,,,,,,,,,,,,,,,,,,,,,,,,,,,,,,,,,,,,,,,,,,,,,,,,,,,,,,,,,,,,,,,,,,,,,,,,,,,,,,,,,,,,,,,,,,,,,,,,,,,,,,,,,,,,,,,,,,,,,,,,,,,,,,,,,,,,,,,,,,,,,,,,,,,,,,,,,,,,,,,,,,,,,,,,,,,,,,,,,,,,,,,,,,,,,,,,,,,,,,,,,,,,,,,,,,,,,,,,,,,,,,,,,,,,,,,,,,,,,,,,,,,,,,,,,,,,,,,,,,,,,,,,,,,,,,,,,,,,,,,,,,,,,,,,,,,,,,,,,,,,,,,,,,,,,,,
,,Rut partner signature review,,,,,,,,,,,,,,,,,,,,,,,,,,,,,,,,,,,,,,,,,,,,,,,,,,,,,,,,,,,,,,,,,,,,,,,,,,,,,,,,,,,,,,,,,,,,,,,,,,,,,,,,,,,,,,,,,,,,,,,,,,,,,,,,,,,,,,,,,,,,,,,,,,,,,,,,,,,,,,,,,,,,,,,,,,,,,,,,,,,,,,,,,,,,,,,,,,,,,,,,,,,,,,,,,,,,,,,,,,,,,,,,,,,,,,,,,,,,,,,,,,,,,,,,,,,,,,,,,,,,,,,,,,,,,,,,,,,,,,,,,,,,,,,,,,,,,,,,,,,,,,,,,,,,,,,,,,,,,,,,,,,,,,,,,,,,,,,,,,,,,,,,,,,,,,,,,,,,,,,,,,,,,,,,,,,,,,,,,,,,,,,,,,,,,,,,,,,,,,,,,,,,,,,,,,,,,,,,,,,,,,,,,,,,,,,,,,,,,,,,,,,,,,,,,9385460-8,,,,,,,,,,,,,,,,,,,,,,,,,,,,,,,,,,,,,,,,,,,,,,,,,,,,,,,,,,,,,,,,,,,,,,,,,,,,,,,,,,,,,,,,,,,,,,,,,,,,,,,,,,,,,,,,,,,,,,,,,,,,,,,,,,,,,,,,,,,,,,,,,,,,,,,,,,,,,,,,,,,,,,,,,,,,,,,,,,,,,,,,,,,,,,,,,,,,,,,,,,,,,,,,,,,,,,,,,,,,,,,,,,,,,,,,,,,,,,,,,,,,,,,,,,,,,,,,,,,,,,,,,,,,,,,,,,,,,,,,,,,,,,,,,,,,,,,,,,,,,,,,,,,,,,,,,,,,,,,,,,,,,,,,,,,,,,,,,,,,,,,,,,,,,,,,,,,,,,,,,,,,,,,,,,,,,,,,,,,,,,,,,
,,Type of opinion  to the December financial statements,,,,,,,,,,,,,,,,,,,,,,,,,,,,,,,,,,,,,,,,,,,,,,,,,,,,,,,,,,,,,,,,,,,,,,,,,,,,,,,,,,,,,,,,,,,,,,,,,,,,,,,,,,,,,,,,,,,,,,,,,,,,,,,,,,,,,,,,,,,,,,,,,,,,,,,,,,,,,,,,,,,,,,,,,,,,,,,,,,,,,,,,,,,,,,,,,,,,,,,,,,,,,,,,,,,,,,,,,,,,,,,,,,,,,,,,,,,,,,,,,,,,,,,,,,,,,,,,,,,,,,,,,,,,,,,,,,,,,,,,,,,,,,,,,,,,,,,,,,,,,,,,,,,,,,,,,,,,,,,,,,,,,,,,,,,,,,,,,,,,,,,,,,,,,,,,,,,,,,,,,,,,,,,,,,,,,,,,,,,,,,,,,,,,,,,,,,,,,,,,,,,,,,,,,,,,,,,,,,,,,,,,,,,,,,,,,,,,,,,,,,,,,,,,,Opinión sin salvedades,,,,,,,,,,,,,,,,,,,,,,,,,,,,,,,,,,,,,,,,,,,,,,,,,,,,,,,,,,,,,,,,,,,,,,,,,,,,,,,,,,,,,,,,,,,,,,,,,,,,,,,,,,,,,,,,,,,,,,,,,,,,,,,,,,,,,,,,,,,,,,,,,,,,,,,,,,,,,,,,,,,,,,,,,,,,,,,,,,,,,,,,,,,,,,,,,,,,,,,,,,,,,,,,,,,,,,,,,,,,,,,,,,,,,,,,,,,,,,,,,,,,,,,,,,,,,,,,,,,,,,,,,,,,,,,,,,,,,,,,,,,,,,,,,,,,,,,,,,,,,,,,,,,,,,,,,,,,,,,,,,,,,,,,,,,,,,,,,,,,,,,,,,,,,,,,,,,,,,,,,,,,,,,,,,,,,,,,,,,,,,,,,
,,Report review June financial statements,,,,,,,,,,,,,,,,,,,,,,,,,,,,,,,,,,,,,,,,,,,,,,,,,,,,,,,,,,,,,,,,,,,,,,,,,,,,,,,,,,,,,,,,,,,,,,,,,,,,,,,,,,,,,,,,,,,,,,,,,,,,,,,,,,,,,,,,,,,,,,,,,,,,,,,,,,,,,,,,,,,,,,,,,,,,,,,,,,,,,,,,,,,,,,,,,,,,,,,,,,,,,,,,,,,,,,,,,,,,,,,,,,,,,,,,,,,,,,,,,,,,,,,,,,,,,,,,,,,,,,,,,,,,,,,,,,,,,,,,,,,,,,,,,,,,,,,,,,,,,,,,,,,,,,,,,,,,,,,,,,,,,,,,,,,,,,,,,,,,,,,,,,,,,,,,,,,,,,,,,,,,,,,,,,,,,,,,,,,,,,,,,,,,,,,,,,,,,,,,,,,,,,,,,,,,,,,,,,,,,,,,,,,,,,,,,,,,,,,,,,,,,,,,,Sin modificaciones significativas,,,,,,,,,,,,,,,,,,,,,,,,,,,,,,,,,,,,,,,,,,,,,,,,,,,,,,,,,,,,,,,,,,,,,,,,,,,,,,,,,,,,,,,,,,,,,,,,,,,,,,,,,,,,,,,,,,,,,,,,,,,,,,,,,,,,,,,,,,,,,,,,,,,,,,,,,,,,,,,,,,,,,,,,,,,,,,,,,,,,,,,,,,,,,,,,,,,,,,,,,,,,,,,,,,,,,,,,,,,,,,,,,,,,,,,,,,,,,,,,,,,,,,,,,,,,,,,,,,,,,,,,,,,,,,,,,,,,,,,,,,,,,,,,,,,,,,,,,,,,,,,,,,,,,,,,,,,,,,,,,,,,,,,,,,,,,,,,,,,,,,,,,,,,,,,,,,,,,,,,,,,,,,,,,,,,,,,,,,,,,,,,,
,,Date issued opinion of financial statements,,,,,,,,,,,,,,,,,,,,,,,,,,,,,,,,,,,,,,,,,,,,,,,,,,,,,,,,,,,,,,,,,,,,,,,,,,,,,,,,,,,,,,,,,,,,,,,,,,,,,,,,,,,,,,,,,,,,,,,,,,,,,,,,,,,,,,,,,,,,,,,,,,,,,,,,,,,,,,,,,,,,,,,,,,,,,,,,,,,,,,,,,,,,,,,,,,,,,,,,,,,,,,,,,,,,,,,,,,,,,,,,,,,,,,,,,,,,,,,,,,,,,,,,,,,,,,,,,,,,,,,,,,,,,,,,,,,,,,,,,,,,,,,,,,,,,,,,,,,,,,,,,,,,,,,,,,,,,,,,,,,,,,,,,,,,,,,,,,,,,,,,,,,,,,,,,,,,,,,,,,,,,,,,,,,,,,,,,,,,,,,,,,,,,,,,,,,,,,,,,,,,,,,,,,,,,,,,,,,,,,,,,,,,,,,,,,,,,,,,,,,,,,,,,2024-01-29,,,,,,,,,,,,,,,,,,,,,,,,,,,,,,,,,,,,,,,,,,,,,,,,,,,,,,,,,,,,,,,,,,,,,,,,,,,,,,,,,,,,,,,,,,,,,,,,,,,,,,,,,,,,,,,,,,,,,,,,,,,,,,,,,,,,,,,,,,,,,,,,,,,,,,,,,,,,,,,,,,,,,,,,,,,,,,,,,,,,,,,,,,,,,,,,,,,,,,,,,,,,,,,,,,,,,,,,,,,,,,,,,,,,,,,,,,,,,,,,,,,,,,,,,,,,,,,,,,,,,,,,,,,,,,,,,,,,,,,,,,,,,,,,,,,,,,,,,,,,,,,,,,,,,,,,,,,,,,,,,,,,,,,,,,,,,,,,,,,,,,,,,,,,,,,,,,,,,,,,,,,,,,,,,,,,,,,,,,,,,,,,,
,,Date of approval directory session of financial statements,,,,,,,,,,,,,,,,,,,,,,,,,,,,,,,,,,,,,,,,,,,,,,,,,,,,,,,,,,,,,,,,,,,,,,,,,,,,,,,,,,,,,,,,,,,,,,,,,,,,,,,,,,,,,,,,,,,,,,,,,,,,,,,,,,,,,,,,,,,,,,,,,,,,,,,,,,,,,,,,,,,,,,,,,,,,,,,,,,,,,,,,,,,,,,,,,,,,,,,,,,,,,,,,,,,,,,,,,,,,,,,,,,,,,,,,,,,,,,,,,,,,,,,,,,,,,,,,,,,,,,,,,,,,,,,,,,,,,,,,,,,,,,,,,,,,,,,,,,,,,,,,,,,,,,,,,,,,,,,,,,,,,,,,,,,,,,,,,,,,,,,,,,,,,,,,,,,,,,,,,,,,,,,,,,,,,,,,,,,,,,,,,,,,,,,,,,,,,,,,,,,,,,,,,,,,,,,,,,,,,,,,,,,,,,,,,,,,,,,,,,,,,,,,,2024-01-29,,,,,,,,,,,,,,,,,,,,,,,,,,,,,,,,,,,,,,,,,,,,,,,,,,,,,,,,,,,,,,,,,,,,,,,,,,,,,,,,,,,,,,,,,,,,,,,,,,,,,,,,,,,,,,,,,,,,,,,,,,,,,,,,,,,,,,,,,,,,,,,,,,,,,,,,,,,,,,,,,,,,,,,,,,,,,,,,,,,,,,,,,,,,,,,,,,,,,,,,,,,,,,,,,,,,,,,,,,,,,,,,,,,,,,,,,,,,,,,,,,,,,,,,,,,,,,,,,,,,,,,,,,,,,,,,,,,,,,,,,,,,,,,,,,,,,,,,,,,,,,,,,,,,,,,,,,,,,,,,,,,,,,,,,,,,,,,,,,,,,,,,,,,,,,,,,,,,,,,,,,,,,,,,,,,,,,,,,,,,,,,,,
